{
  "model_name": "gpt",
  "total_pretrain_epochs": 0,
  "total_finetune_epochs": 3,
  "pretrain_history": [],
  "finetune_history": [
    {
      "epoch": 1,
      "phase": "finetune",
      "model_name": "gpt",
      "timestamp": 1763737300.5158854,
      "metrics": {
        "train_loss": 0.4485937882491085,
        "train_acc": 0.78056,
        "val_loss": 0.3641802322148057,
        "val_acc": 0.83928,
        "val_f1": 0.8528528528528528,
        "val_precision": 0.7864379305686884,
        "val_recall": 0.93152,
        "epoch_time": 287.11737608909607,
        "elapsed_time": 287.1173794269562
      },
      "learning_rate": 0.0001,
      "batch_size": 32,
      "train_dataset_size": 25000,
      "val_dataset_size": 25000,
      "is_best_epoch": "True",
      "total_parameters": 6895746,
      "model_display_name": "Transformer"
    },
    {
      "epoch": 2,
      "phase": "finetune",
      "model_name": "gpt",
      "timestamp": 1763737587.594716,
      "metrics": {
        "train_loss": 0.2737154795233246,
        "train_acc": 0.88668,
        "val_loss": 0.3266899990622916,
        "val_acc": 0.8646,
        "val_f1": 0.8587994827514287,
        "val_precision": 0.8972369911967227,
        "val_recall": 0.82352,
        "epoch_time": 286.74586606025696,
        "elapsed_time": 574.1962335109711
      },
      "learning_rate": 0.0001,
      "batch_size": 32,
      "train_dataset_size": 25000,
      "val_dataset_size": 25000,
      "is_best_epoch": "True",
      "total_parameters": 6895746,
      "model_display_name": "Transformer"
    },
    {
      "epoch": 3,
      "phase": "finetune",
      "model_name": "gpt",
      "timestamp": 1763737874.3758876,
      "metrics": {
        "train_loss": 0.19125717657777813,
        "train_acc": 0.9274,
        "val_loss": 0.3453250370676751,
        "val_acc": 0.86508,
        "val_f1": 0.8596980158895221,
        "val_precision": 0.895416341738151,
        "val_recall": 0.82672,
        "epoch_time": 286.5643529891968,
        "elapsed_time": 860.9774289131165
      },
      "learning_rate": 0.0001,
      "batch_size": 32,
      "train_dataset_size": 25000,
      "val_dataset_size": 25000,
      "is_best_epoch": "True",
      "total_parameters": 6895746,
      "model_display_name": "Transformer"
    }
  ],
  "best_finetune": {
    "epoch": 3,
    "accuracy": 0.86508,
    "f1_score": 0.8596980158895221,
    "precision": 0.895416341738151,
    "recall": 0.82672
  }
}