{
  "model_name": "gpt",
  "total_pretrain_epochs": 0,
  "total_finetune_epochs": 3,
  "pretrain_history": [],
  "finetune_history": [
    {
      "epoch": 1,
      "phase": "finetune",
      "model_name": "gpt",
      "timestamp": 1763676200.6747231,
      "metrics": {
        "train_loss": 0.4564051126008448,
        "train_acc": 0.7798,
        "val_loss": 0.344040522799658,
        "val_acc": 0.84936,
        "val_f1": 0.8566534713763703,
        "val_precision": 0.8170926517571885,
        "val_recall": 0.90024,
        "epoch_time": 212.36383652687073,
        "elapsed_time": 212.363840341568
      },
      "learning_rate": 0.0001,
      "batch_size": 32,
      "train_dataset_size": 25000,
      "val_dataset_size": 25000,
      "is_best_epoch": "True",
      "total_parameters": 6895746,
      "model_display_name": "Transformer"
    },
    {
      "epoch": 2,
      "phase": "finetune",
      "model_name": "gpt",
      "timestamp": 1763676412.8632035,
      "metrics": {
        "train_loss": 0.2833033494575097,
        "train_acc": 0.88356,
        "val_loss": 0.34045535343630084,
        "val_acc": 0.86304,
        "val_f1": 0.8575944102478789,
        "val_precision": 0.8931046431046431,
        "val_recall": 0.8248,
        "epoch_time": 212.04120135307312,
        "elapsed_time": 424.5523102283478
      },
      "learning_rate": 0.0001,
      "batch_size": 32,
      "train_dataset_size": 25000,
      "val_dataset_size": 25000,
      "is_best_epoch": "True",
      "total_parameters": 6895746,
      "model_display_name": "Transformer"
    },
    {
      "epoch": 3,
      "phase": "finetune",
      "model_name": "gpt",
      "timestamp": 1763676625.0615206,
      "metrics": {
        "train_loss": 0.20170370799005793,
        "train_acc": 0.92044,
        "val_loss": 0.34243864613725705,
        "val_acc": 0.8652,
        "val_f1": 0.8657156518967166,
        "val_precision": 0.8624166402032392,
        "val_recall": 0.86904,
        "epoch_time": 212.06449031829834,
        "elapsed_time": 636.7506380081177
      },
      "learning_rate": 0.0001,
      "batch_size": 32,
      "train_dataset_size": 25000,
      "val_dataset_size": 25000,
      "is_best_epoch": "True",
      "total_parameters": 6895746,
      "model_display_name": "Transformer"
    }
  ],
  "best_finetune": {
    "epoch": 3,
    "accuracy": 0.8652,
    "f1_score": 0.8657156518967166,
    "precision": 0.8624166402032392,
    "recall": 0.86904
  }
}