{
  "model_name": "lstmclassifier",
  "total_pretrain_epochs": 0,
  "total_finetune_epochs": 3,
  "pretrain_history": [],
  "finetune_history": [
    {
      "epoch": 1,
      "phase": "finetune",
      "model_name": "lstmclassifier",
      "timestamp": 1763728677.704289,
      "metrics": {
        "train_loss": 0.5029106131752433,
        "train_acc": 0.7352,
        "val_loss": 0.3492509490522125,
        "val_acc": 0.84656,
        "val_f1": 0.8491426773635362,
        "val_precision": 0.8350866336633663,
        "val_recall": 0.86368,
        "epoch_time": 178.7610216140747,
        "elapsed_time": 178.76102328300476
      },
      "learning_rate": 0.0001,
      "batch_size": 32,
      "train_dataset_size": 25000,
      "val_dataset_size": 25000,
      "is_best_epoch": "True",
      "total_parameters": 6830978,
      "model_display_name": "LSTM with Attention"
    },
    {
      "epoch": 2,
      "phase": "finetune",
      "model_name": "lstmclassifier",
      "timestamp": 1763728856.3588266,
      "metrics": {
        "train_loss": 0.2881241931444239,
        "train_acc": 0.88048,
        "val_loss": 0.3113165885410117,
        "val_acc": 0.86872,
        "val_f1": 0.8665311102074014,
        "val_precision": 0.8812241521918941,
        "val_recall": 0.85232,
        "epoch_time": 178.5227563381195,
        "elapsed_time": 357.4156746864319
      },
      "learning_rate": 0.0001,
      "batch_size": 32,
      "train_dataset_size": 25000,
      "val_dataset_size": 25000,
      "is_best_epoch": "True",
      "total_parameters": 6830978,
      "model_display_name": "LSTM with Attention"
    },
    {
      "epoch": 3,
      "phase": "finetune",
      "model_name": "lstmclassifier",
      "timestamp": 1763729034.9446564,
      "metrics": {
        "train_loss": 0.19694437103970047,
        "train_acc": 0.92456,
        "val_loss": 0.32969047499301335,
        "val_acc": 0.869,
        "val_f1": 0.869827894590405,
        "val_precision": 0.8643652737183032,
        "val_recall": 0.87536,
        "epoch_time": 178.46962428092957,
        "elapsed_time": 536.0014798641205
      },
      "learning_rate": 0.0001,
      "batch_size": 32,
      "train_dataset_size": 25000,
      "val_dataset_size": 25000,
      "is_best_epoch": "True",
      "total_parameters": 6830978,
      "model_display_name": "LSTM with Attention"
    }
  ],
  "best_finetune": {
    "epoch": 3,
    "accuracy": 0.869,
    "f1_score": 0.869827894590405,
    "precision": 0.8643652737183032,
    "recall": 0.87536
  }
}