{
  "model_name": "lstmclassifier",
  "total_pretrain_epochs": 0,
  "total_finetune_epochs": 3,
  "pretrain_history": [],
  "finetune_history": [
    {
      "epoch": 1,
      "phase": "finetune",
      "model_name": "lstmclassifier",
      "timestamp": 1763748724.7925737,
      "metrics": {
        "train_loss": 0.5023201002222498,
        "train_acc": 0.74032,
        "val_loss": 0.39023241635573946,
        "val_acc": 0.82572,
        "val_f1": 0.8066391514667377,
        "val_precision": 0.9058108242798764,
        "val_recall": 0.72704,
        "epoch_time": 234.67047810554504,
        "elapsed_time": 234.6704807281494
      },
      "learning_rate": 0.0001,
      "batch_size": 32,
      "train_dataset_size": 25000,
      "val_dataset_size": 25000,
      "is_best_epoch": "True",
      "total_parameters": 6830978,
      "model_display_name": "LSTM with Attention"
    },
    {
      "epoch": 2,
      "phase": "finetune",
      "model_name": "lstmclassifier",
      "timestamp": 1763748959.2598424,
      "metrics": {
        "train_loss": 0.2794718526284713,
        "train_acc": 0.8842,
        "val_loss": 0.33207811618133276,
        "val_acc": 0.86292,
        "val_f1": 0.8552114580252651,
        "val_precision": 0.9061688602381592,
        "val_recall": 0.80968,
        "epoch_time": 234.19752192497253,
        "elapsed_time": 469.1377863883972
      },
      "learning_rate": 0.0001,
      "batch_size": 32,
      "train_dataset_size": 25000,
      "val_dataset_size": 25000,
      "is_best_epoch": "True",
      "total_parameters": 6830978,
      "model_display_name": "LSTM with Attention"
    },
    {
      "epoch": 3,
      "phase": "finetune",
      "model_name": "lstmclassifier",
      "timestamp": 1763749193.54792,
      "metrics": {
        "train_loss": 0.19470486303081597,
        "train_acc": 0.92456,
        "val_loss": 0.32886217888015923,
        "val_acc": 0.87028,
        "val_f1": 0.867789147539647,
        "val_precision": 0.8847784520741542,
        "val_recall": 0.85144,
        "epoch_time": 234.12345814704895,
        "elapsed_time": 703.425844669342
      },
      "learning_rate": 0.0001,
      "batch_size": 32,
      "train_dataset_size": 25000,
      "val_dataset_size": 25000,
      "is_best_epoch": "True",
      "total_parameters": 6830978,
      "model_display_name": "LSTM with Attention"
    }
  ],
  "best_finetune": {
    "epoch": 3,
    "accuracy": 0.87028,
    "f1_score": 0.867789147539647,
    "precision": 0.8847784520741542,
    "recall": 0.85144
  }
}